Factor,num Df,den Df,MSE,F,ges,p,p<.05
sex,1,34,8449.91595624183,0.7521834920218735,0.02164420811701094,0.3918658219725,ns
drug,1,34,8449.91595624183,2.6059843665622404,0.07119011854637294,0.11570490299145633,ns
sex:drug,1,34,8449.91595624183,0.07288361580028224,0.002139050413874705,0.7888155102908657,ns
