Factor,num Df,den Df,MSE,F,ges,p,p<.05
sex,1,18,4.533333333333331,7.520053475935821,0.17209729233593374,0.01339126448840813,*
drug,1,18,4.533333333333331,9.4331550802139,0.206823777699613,0.006578722071223195,**
sex:drug,1,18,4.533333333333331,2.5063866912624484e-30,6.9282233742214e-32,0.9999999999999988,ns
day,2.7417470988768806,49.351447779783854,1.669657197650725,69.23565754633717,0.6590049901708757,4.1964431287487476e-17,****
sex:day,2.7417470988768806,49.351447779783854,1.669657197650725,3.0820829655781097,0.07921600653327888,0.03979897958772568,*
drug:day,2.7417470988768806,49.351447779783854,1.669657197650725,5.786849073256838,0.139066526677484,0.002369423342119601,**
sex:drug:day,2.7417470988768806,49.351447779783854,1.669657197650725,4.293468667255072,0.10701910701910698,0.010901095526238873,*
