Factor,num Df,den Df,MSE,F,ges,p,p<.05
sex,1,18,1.1333333333333329,7.520053475935814,0.2946723243752943,0.01339126448840817,*
drug,1,18,1.1333333333333329,9.433155080213899,0.3438596491228069,0.0065787220712232065,**
sex:drug,1,18,1.1333333333333329,0,0,1,ns
