Factor,num Df,den Df,MSE,F,ges,p,p<.05
sex,1,18,0.1259259259259259,7.520053475935821,0.29467232437529445,0.01339126448840813,*
drug,1,18,0.1259259259259259,9.433155080213902,0.343859649122807,0.006578722071223195,**
sex:drug,1,18,0.1259259259259259,0,0,1,ns
